product_id,price_per_unit
358230,111.8592443821887
188451,45.6799726150061
980542,62.9828395259783
547187,43.046177345218446
379754,120.62976335550265
930671,82.26917237666393
137988,99.36484659149775
127895,65.48041848674859
964909,51.18487160880106
700629,53.92385052466202
283467,106.00363150850362
997900,0.6444759053394833
270427,98.71050847664215
451309,79.61456788518437
463367,36.820885812362306
800221,70.45490739687428
846327,7.4042782617463985
902240,60.738563553825834
427501,76.19299665699347
365270,68.9397995079426
470602,138.77875604108854
188731,51.279199124522414
784399,52.54738192756735
999768,71.7910304931779
672997,33.07659813413545
681504,61.18339622699676
230217,53.56866540209007
309918,56.463006712901766
213024,97.62050198396041
282237,100.48422958838688
571584,59.126441764705646
933175,40.311753321214454
171034,111.48932925866931
727819,64.01461907249184
335240,100.77160299926436
387855,141.04081741645172
482333,83.91086065337743
369957,139.75947811059353
719653,60.63765052014155
399598,47.31448726012742
534106,9.788467823932265
560692,15.994823051223584
630832,50.93786777463596
542761,38.27902686036746
878682,28.088263957502985
637436,48.891247392086655
255688,113.26550576966237
253102,78.57691759652974
899407,34.537323099285366
204679,112.1299108149391
128022,104.25040203309963
318556,113.56311046123918
128085,106.38112958789834
478726,147.04686920331073
451337,60.75461887613699
746044,16.369192074796388
787157,66.12068244329456
438443,88.55370380639387
211402,107.99621281956253
536018,54.35289225800944
680637,29.384069435162704
201464,88.74870152082232
199164,122.1865948413863
390089,113.83637552764307
749341,62.11408962861169
264753,75.13655702053151
848496,57.57178687423705
759189,63.06466229103085
857740,70.60631620529642
362221,97.29832514785699
131771,90.04438064934367
272952,87.8946963807608
447845,95.95528161694617
107231,102.41635264434154
939383,27.297486962782223
804546,22.195774232429084
257077,52.39108488887026
377142,68.11864013506896
379182,80.26513428306988
769494,29.7596804445652
326171,145.2277197046467
616634,62.53641363473278
366796,59.711284404215036
698296,57.339682085173756
506216,32.34058681475466
706646,34.00421712516432
743343,32.31015928699058
834641,51.41393830807722
119999,86.02934432734996
957293,48.43112066529836
161878,105.98237298284491
131954,125.98574901141659
904740,56.00577993151953
300728,66.62826433846016
821577,30.318605495359957
438664,104.88050120073909
345331,88.25158304655598
494338,101.8086681534806
178469,104.21592125141245
826445,55.05947044035088
786621,77.48321719823925
231177,111.76462221612
277429,70.8190989860884
345387,48.737935911593645
194978,77.93011917758915
397373,55.699355643462376
394936,106.13104250367401
954374,58.79039556067427
209685,112.69776552163633
717816,35.36510908587425
842673,48.86208410498276
236824,53.93520932584328
955072,47.24485712323999
528988,35.039069016085584
609875,43.293722367320456
549977,59.35553162713331
488487,94.02083905526366
437846,101.29519946751569
462505,123.31509163195695
167436,91.29362461881381
524378,56.3798484635919
804442,16.380883263797223
170966,100.02654021001007
423268,49.69689422436751
160484,80.7757256453379
234064,68.697222037095
519838,57.04355980490263
150495,116.77790958854219
522576,64.34338245549779
726694,90.81903843420122
770118,48.2208603492202
669056,59.91570567856178
257478,107.18147355057482
834157,46.351971473220274
423031,80.23311282520768
910211,55.52683976225426
990648,58.576140747867655
709552,47.44128883102149
685080,35.78094327232736
204867,55.236212553613974
198363,82.44589195529414
387365,134.24649798192632
350534,89.94455786639872
521385,44.37097153667109
587097,74.76125624848618
404665,119.61309804903115
397839,104.04433700515384
283713,59.523787409835876
176136,85.66964386565004
472722,62.428588584884054
319067,88.99756978007457
152522,78.807938911255
410231,104.95117402121039
339066,89.72311049072991
848927,84.8803152200337
880759,64.47285878799629
303366,153.86200644039113
791408,96.62876392012976
142183,123.16662331008574
129445,75.80628192029405
176701,109.02263763850303
584242,58.60228190141092
309192,90.35915351935938
296532,151.33341859383503
454468,39.271093385325656
333872,75.78604332143124
260547,98.02060712952144
148145,167.6068093648612
325977,70.66285848277334
394846,174.8359061020133
590029,0.9985087072351178
631633,16.949692367349797
230946,103.484158107798
807147,36.570187799073736
571987,37.337105909268054
634825,51.31982948076588
213205,102.66086589606923
384148,152.4726814995218
705198,42.792329105097785
447327,99.28218064353887
240058,106.06383192308097
474644,76.51245748171348
686721,26.964840156892063
474525,81.02147484682622
330935,113.41786299859598
131865,124.42414995074122
421526,125.67822276156122
232634,56.79295143460442
312172,76.47763854933083
205621,69.99119816259977
828231,33.435553457897164
903567,81.87748017059337
890262,62.53182288121339
176074,74.87829525174074
388049,86.24415599983746
487147,99.46914156211288
215062,72.93891874734196
467497,121.36792543218924
132789,69.63027690758722
712696,44.16386333795833
541989,61.22144658369427
827498,33.407820959616544
941175,36.093002973291185
845098,52.3120272573474
377975,126.69539130774699
124105,45.17710562608271
996898,37.63159952877882
295105,103.79168742700429
528702,45.112426948967936
975594,27.674098096199067
899769,45.70852129938113
377510,117.84459185000387
662063,44.67708336581814
533378,29.43164052112315
170549,130.41757726625605
810764,52.944182475453715
887261,47.034374504744086
594278,45.98341650502144
201526,117.6069703812716
398269,133.51669739037828
466092,162.77907810761496
703527,40.66271965130351
265686,36.78618550052503
261428,110.31070244212486
850953,46.639775013965334
272702,142.9757200700638
198767,80.09928512350865
112275,54.818091509064075
526134,53.96345663093842
688266,25.15645034993241
644225,59.282300987784254
238532,77.74744166149506
920456,53.20950255363479
652490,78.92218002836402
398309,122.0412366932203
396894,106.83556253882539
520761,74.50605905709486
253836,90.26211728299161
733307,43.95985249732962
193506,127.31060442579296
985378,62.00832138814082
567560,100.61821889644393
488442,140.5651461934126
183508,63.138826179304154
549399,38.4355585544053
390824,78.72316808367334
779786,43.668485346367696
396103,67.0485916133787
210780,121.27490072605423
357420,187.00610192816993
315979,16.229288840461493
803777,56.589359239319165
771958,39.529748764584554
694265,56.66342873937237
167188,117.9202616855523
253939,89.68416439270305
853210,13.081133508400015
461335,109.66196601134263
291210,80.60041643184772
795718,58.034554115064935
446016,69.54288030858811
651255,59.964952468235204
303660,67.29742867498332
547199,43.54726102799982
500583,50.417912904358325
206465,40.78324698303881
685823,85.69754401350474
352902,102.15698975905002
161808,112.13362837399872
577034,77.91899134327093
132791,141.07084930475403
809247,59.11896253150071
766491,40.83354187521285
313772,112.07226190674292
619082,53.976593627298165
129906,78.75873456751398
219819,87.51774667441799
857634,17.354974009599864
329733,100.02837032723173
467327,72.93276049939348
347663,43.94362803656302
118197,81.74426955651826
618466,65.13417822400561
180876,120.39444741431396
277407,56.583215648726885
310564,100.44580134764512
261358,94.87124666652385
901998,50.52802166916482
450101,127.7424100346949
178215,55.89236692952556
116650,137.78592479579436
298228,105.0128362759233
267777,110.65151639659408
654410,64.06626681731441
894852,58.870906597434434
982709,94.45354122527256
330356,109.94108191647858
151577,93.86344245462901
406985,57.024782277243695
872209,24.526375442698907
859691,27.15318579880727
473624,105.79592780733515
365438,83.45780023103596
605545,51.485818966609045
860758,67.05093346759736
415752,74.08807303163111
869344,62.54172313848178
443758,94.68205069603394
186564,128.88686790239146
204775,132.08367130923392
637746,49.33747645457685
305593,90.32264882929296
358517,89.20908632887209
301490,81.73038465956618
137220,103.66140495423451
920899,21.71681429682415
721788,66.67153283020916
380835,102.47917936508576
485407,80.37859765255966
748463,55.27665976057211
992187,73.24797527791185
359366,79.80032310633979
770800,41.942755171421254
142952,134.84016135992195
667905,57.070902843763804
779281,10.327093949324933
372328,102.88869146340528
355891,117.89950692187318
155882,118.29187843730398
427186,148.47351175041814
152371,141.39116919432675
283017,94.72745950705972
739056,91.00226705659128
225432,91.28142422418321
909665,32.325867125459126
305674,133.57048831420897
190970,71.07570240518004
885705,51.19026576643276
334418,69.34801051071543
840348,37.77039203525443
183244,60.48260349795495
874584,26.12897233087112
846595,65.27985026814505
812345,74.61636946709241
336894,94.60178517729226
257733,92.14299074709409
598900,48.484642428912274
344934,120.30624702815908
100084,83.61902818319666
189591,78.71560095567595
245565,71.28204132072764
468809,61.730086789518204
658484,30.4629801114953
139530,104.28923368105063
867754,53.06619142110645
654460,10.73533071835405
185221,97.13249361252372
150240,43.88407370097981
225360,126.14934606774166
943080,53.01003104874437
380088,117.63615804806525
323141,102.84601767859849
695434,56.88106712889291
475066,114.89773165028495
643095,57.963435640662375
195697,150.42002226476197
371796,116.62200350655512
877288,66.76971116137098
714714,18.39329402004897
132965,134.01561298802
406109,94.32845258679184
497929,52.82114660690679
701470,39.083582499908566
323553,139.15077208212443
418937,114.88662295773014
869017,15.656939663659308
470207,65.00837260347721
362794,129.81102607878407
793260,31.500905804872193
663677,28.76225640340792
252705,130.21723922238357
493444,113.77539534429808
138579,87.70205173772526
219758,95.88583125256689
153278,120.85672163747844
507934,29.721120292149234
827817,-12.986426372024425
430369,111.62062645138731
287438,75.04349796010035
739627,70.11443271849684
502668,56.01427795566644
237931,104.62710860893243
381494,142.83554305457358
447499,133.34315830110663
728510,59.77474009954666
321350,123.7325988021149
281934,135.0941862227337
355644,127.10065306668609
106070,108.13732463487135
498753,65.44400048474657
476493,48.25945194914839
293806,178.6534484965327
987323,87.10069619892971
389967,128.29690888410036
378134,136.65141566488236
547748,66.3937194727385
189731,121.41563099517765
118845,92.61729029045875
659896,65.86406171049728
759110,50.330662112352684
883870,72.44181223976418
285425,69.25166695411203
868346,33.27210080958206
463931,93.64111702263989
625834,10.219055474869599
182364,93.53563201107112
290952,124.71981017666172
341535,59.771922772973134
115659,121.40339611240674
204450,109.84038413890333
602766,24.98934344317069
741323,72.23692660552496
217804,105.27645489242883
939333,69.95189709209242
497472,121.67780278762203
250577,58.03948122949615
912412,57.847218761575085
113852,107.53067693426036
340256,92.67287696930313
480962,103.6533215494838
467259,136.532288587498
162308,85.64697155843857
163470,119.90918781520651
485588,80.86031134266801
476315,63.138230268436544
252916,167.62197628108274
395502,71.77062655009058
582701,64.18891529578902
227590,101.38109641729096
197846,57.9295976284798
788248,8.750622681424957
105956,113.42715735050324
108861,109.95100638425062
350213,71.04955861725824
697888,56.141170997565936
535083,78.241524702428
722381,9.256660976430652
219017,84.6092970386538
363435,110.48985992443738
760336,71.14320444699408
154943,161.43959095676288
944796,37.08401008970556
972401,42.28674318323359
456788,33.492819462295344
127403,43.93190365303794
338325,99.54103512725709
449130,99.6355625282194
529439,102.49097491314154
364447,132.7039840251734
312377,117.66341794645815
786483,20.73669264675234
914753,15.814956605273878
238217,59.33401444436823
918934,46.48080754477441
736481,35.80898411559124
966465,83.19523174105142
475761,111.9910439729301
466794,46.783195972800044
954266,51.15722690898404
144628,119.3620525450209
112874,112.80031692257653
545564,28.821660612068605
981063,50.2910311192299
148005,89.73645158549948
940807,48.1119503616551
472915,89.11166480714787
528068,53.74207430346264
214892,107.26009639305275
876781,22.75585087003913
332938,99.81914719198123
285076,85.14457560932475
134310,91.23168703112026
133561,139.7939270108146
805108,74.27853627002621
141565,113.18763831788343
113038,87.09687353719262
376938,61.685025097556434
650511,11.975270493622418
532283,35.76852376137127
449537,117.71390934717081
783337,66.26317685094506
951372,35.33645126391539
245147,88.3512036505322
302791,130.88380581400597
790212,61.870058075089794
788688,35.013925850248434
484367,103.23755046175444
769628,16.102879344066835
377421,84.66514509036666
380637,99.61084152481219
706769,60.34102926206961
241768,72.28984601264722
272544,131.48904181045694
501976,56.69862238664878
990753,55.71264688521211
725449,58.43195388754425
382516,66.54687527468667
204761,76.11364812859343
381226,95.36836478451862
646329,84.98685687215365
240909,72.64718687362537
207291,127.53945770811092
492040,83.38279711934925
897018,55.18350927115202
579646,52.52995409837361
748006,65.88716269120835
176458,102.94026093436862
984904,49.51674046982855
710164,17.989111820921224
101230,133.17259715714022
940036,75.28618797768095
581380,78.38379132989424
155464,66.92344239086404
140303,98.56843915500693
166746,112.46572201189485
190481,157.88927308314345
852208,34.03648840501118
880218,30.75339395765665
556499,59.125508867386
903132,39.21537375662884
938887,22.42580304784375
406952,125.74924323510524
333651,134.7534059746193
444249,99.86488166502043
539011,56.90148947539832
900057,57.84109446177984
155794,116.48850304320557
706995,24.976657784665605
585433,59.76724605669831
270731,99.09218735302952
177049,58.145565944452706
405852,93.17681159937563
431579,74.79267539964347
240917,76.54710847675895
952019,68.86334081267489
998976,44.69453491410473
910851,51.36728968611144
364097,100.18755760964444
690682,86.65776972028146
211809,158.60117003917193
430690,33.533093197583256
663185,50.28295741330037
696926,56.60809246189912
269651,53.33974057041695
285181,70.92484888852533
386044,16.663129604631976
282745,88.01514192991353
644647,62.05163616960375
277990,112.85603026267134
190267,102.43465556837457
146990,34.045484013135734
159625,139.86204982238348
110445,46.21877578861962
760982,58.29349408683296
227476,87.41435628477106
562010,62.42547005374529
295061,147.34149422046062
446743,123.68631447913535
487581,68.61589855465057
374834,113.97304314062218
438251,73.84030635163789
565142,49.76350493955143
280194,60.90531993178602
332244,99.33848235265557
207598,103.19796538968205
913113,55.183901349585035
391189,97.81272689251054
414645,87.28398191284838
344912,65.57445332426032
700293,34.864917029724154
869015,40.350466188631835
177792,117.17947847856858
118121,127.6896823494682
549148,28.756778527871063
403115,134.80188706728626
281280,103.95124283991917
400599,107.04966692000646
164320,127.60412483677827
181779,68.3175134080563
483763,58.7796999766899
625347,63.504085850146865
731706,95.66519468387438
148507,111.71551498565881
677169,41.15216733744519
897417,69.15265674757173
355826,95.29944687146387
153492,133.5501865062544
898586,35.19456778848407
367425,80.70560135875704
814194,48.58366019444966
926649,42.54050176701521
281291,109.91453386408263
275233,118.98667139436806
197596,39.973619196104174
870144,54.87271802763628
300872,93.83653879403415
192805,93.71622929502065
686507,53.32589051793703
985085,4.334102851299093
317850,130.13075721203387
604293,57.9308013088701
758919,50.16765769795437
483022,86.48300246623093
131332,109.34478951842968
474841,163.85796422033565
128245,100.49475285987965
995763,42.44738484539516
691364,58.826881843171606
366493,70.14143593782636
577706,54.052893072258804
230121,127.15724720133711
679135,66.26057958814589
734214,51.51755242179429
628077,31.72538954021157
996397,26.408733254023026
610217,41.16238317300601
407090,128.26997600046752
697711,102.60876114490145
555302,60.639907626904865
788400,42.27570707627402
442942,134.62469970695741
435511,121.74492606458368
111034,130.06334461192816
244014,176.05115400628657
336678,67.1867355444313
810472,13.39358989593078
441776,113.65758886703549
785426,80.98995707151849
444263,113.68343402969788
240624,101.96911408078512
182971,79.13945770647099
864247,71.94454065694457
256532,165.49801242646095
194976,58.296806523450655
933462,64.645833605061
807421,28.904025437099502
285835,108.28751745433246
752029,46.172046057210906
476658,96.43204415493628
813091,33.06234720647132
954949,58.07133843708822
470680,55.47338355806316
327129,93.82229103336272
612267,27.01660392056832
313192,56.817660861434135
263598,150.18059419266882
895204,32.75030233313768
959258,25.114956583030207
568734,61.36212275447571
677120,25.10619662954525
607884,10.610543219318892
172147,160.15087486098835
631217,40.150809165198325
749198,58.52130924667473
214373,77.62205972727959
544327,87.41276486600432
178500,199.38969952745094
580898,31.871462678461334
263569,64.08095361296388
308738,109.59746176618448
507821,78.7985967348838
260394,133.9310873346449
841463,32.489278043128024
838784,61.81306291208279
203731,93.65945660098748
463710,94.85085775708212
334963,92.15550402708091
589857,54.68631012764515
105349,103.61360252707884
975846,32.39415596257898
814347,73.22843397728937
821843,57.992477105601736
683418,50.5030719949251
227423,87.88302500570984
506411,42.59170226828206
544129,69.76439234091634
579567,52.277606871770516
372946,71.28106303795798
453944,92.51871716857487
182293,105.02240438782732
145645,69.64042876529261
415959,115.52282800413624
481458,119.58828653066796
385466,117.77660122714977
172802,100.00283866235041
284840,53.939614526491496
932762,53.88614586001616
744981,26.361065989107978
778382,66.32737174008221
892279,48.35975512503902
441229,130.75249732620998
395063,93.27198401354195
320279,95.09640393229446
414937,97.58928510301078
493162,135.49726976626255
972679,52.9214698758508
241677,167.12858836659774
557392,24.246213293710465
825490,46.12872159177392
753934,96.67672003755123
472195,103.31197643986322
835205,47.724373165416324
206181,68.267343406457
828367,54.63700995249595
452613,112.2993691491902
984669,67.03695163796326
434312,120.62225305830185
110259,80.01786117665026
377246,61.524480749166976
342497,133.39154261605285
716096,66.53816880030459
442271,84.11704694387058
174363,99.03699031116153
366402,76.36953796041543
840587,46.92628171121149
410897,114.20482784847673
352595,52.34802526983954
729291,74.48872007021882
425482,55.65341203290003
411189,91.21804197356455
259992,101.0151276123241
976845,34.23333425241147
332853,64.88337332028685
898000,85.20428024446588
704352,73.68526172801992
790796,5.8361057170454345
994378,27.775380049531137
458333,89.07931432439129
206316,116.56179343026292
223570,60.429327227757554
468718,81.17282407468315
679534,54.88754658256354
789376,35.91455161786714
634768,26.114785542855966
965313,30.083187555467113
490356,107.36230948629543
638507,68.48167260076673
983106,45.01177947295434
156584,147.23331936335006
305650,79.52857601427809
796117,41.49009748455284
792254,74.89873904824213
313962,77.24722414937938
450876,108.04736168624004
207774,93.14323026278106
272975,63.91235702655617
948758,59.797223808129445
963685,52.83386655028602
301559,92.47186013412136
901653,68.30315633986058
412271,87.18220385705403
313702,122.4438057432692
351862,53.894257239122865
992146,32.96536749023524
134664,67.68405434249814
154393,107.22220411294512
167937,64.29210504933167
503817,38.633920891474375
119974,125.30983737614085
489511,170.68698176588185
546529,47.50945920342667
466926,134.14871223763447
489462,88.54833633702523
620520,56.190047455365104
196567,122.77997790189997
450135,94.76431123128351
198252,118.87203950637682
887131,62.117362233289235
482520,114.52396444960446
279159,120.46719936607542
828252,106.35846303905426
416394,136.06573338751136
624396,57.24267109339206
931980,36.64651453948218
123944,95.27319990527484
325498,72.32410491018416
876446,56.25489188209606
203327,67.92185885371934
259679,97.74974108738527
530067,65.85117201743276
466094,75.97234188017002
456575,111.16475723617995
482938,114.1521996368324
964300,45.39042499491312
958072,91.03538811703174
245124,61.05895450738248
333213,112.31235756489639
189837,114.4868668836055
605462,32.8287176104558
864969,23.167314770515496
518340,55.25335947174222
349537,108.11595782896154
170004,68.3630579801297
189965,102.13421147862944
256840,108.59899365534903
416590,93.454202299466
507572,39.52114389602109
219025,61.14292061524403
561136,57.55998109451092
263615,57.434169088504675
947866,66.23701323026435
808351,66.48921087556299
756077,24.51248336947446
144572,98.21997029493049
193458,90.33992387173997
841777,54.648911509588615
193175,124.78444014871997
341012,91.57959346043022
460774,57.23471303953364
549385,54.45042130482855
200460,138.0237333389976
108811,56.908803362210215
387590,119.51869190640551
925896,45.03291054422089
208462,52.917742616088816
271917,92.67959821364886
790257,59.23130967308687
784805,35.99442488948061
803990,45.44479269382178
792198,44.42612220536589
547152,35.170223263819764
551513,31.13917626304633
245763,102.41378770313752
205178,77.66302002394437
652398,88.51374661095647
933254,75.85426385006755
903646,27.43962568330977
943947,47.82439835630615
614522,68.81302435262644
520308,38.07462009366096
429227,61.83625271992806
400807,52.11209169430866
281254,72.3496381828868
649399,43.175818908696655
111808,92.22918465854237
102573,112.2003237960041
333942,100.40129794143759
873093,100.27470461958971
239036,135.75724166381255
689201,54.45386410830862
270003,60.68435226083345
405497,112.41970757506603
546376,52.120105853232445
683345,80.38671958325175
868581,24.197201198837895
895429,54.58217739655047
188605,79.23847321062159
552339,75.30284567990563
486361,28.54825762684689
949590,60.90577144893632
618984,60.690616225568704
823309,53.006644787064054
407641,143.27912939717945
162938,102.36546409638
858265,62.091040949271736
292414,115.8193568647489
422649,86.58681680521279
472139,71.41824434061404
514860,43.31329321862553
131983,93.23916409050943
605979,38.149935977920634
621003,30.649721106393557
605324,73.733484702275
386839,77.63529642812821
154844,96.9687708085971
230379,85.98841329893357
694640,5.3769427947789765
101631,77.5942884420051
336188,140.29368986698984
767927,73.991182721303
730317,20.373262803964316
584957,41.954512687715074
216973,89.28332216077996
724831,53.83412786069144
390034,155.2085278868134
232554,130.08292217298808
418160,53.1077433995663
408422,119.30270172383965
111636,105.66956798762641
836145,63.06152874600807
272519,82.62640765103765
439126,86.56433757987669
994135,41.42861481406713
891861,77.50768031524765
988921,42.41748972142818
331530,66.15154414713004
963241,42.274369336618626
396923,125.32386498106081
220246,68.59947498130337
265418,42.24839960457245
218978,61.28577836976024
487048,135.45850983312894
692613,54.983195693860296
326333,135.6670407481845
108543,72.42449328358839
785088,44.42700552611842
190597,166.22084244403476
232062,109.49582898093037
211042,53.732591258749444
350980,92.02010507176499
965531,49.34767724224858
459346,73.36640968386715
442777,77.23092070083652
364165,134.94132216786792
796596,15.431995240707465
953484,48.359698986452955
832866,33.10467484821748
724942,78.45055534970386
785985,4.764951551630816
426020,116.7576632744684
794868,77.63435133220699
278444,116.58647339809252
179546,111.0353825834214
363505,129.5388027098531
382060,83.20961178426904
243312,83.51877624560814
368321,162.5912560874636
342755,89.12835570031069
176384,92.25085069573956
145747,108.62500301973083
937814,48.755874676475614
478764,63.605126470298764
531612,34.93604276927867
463762,162.00876562887998
160187,103.11272111715647
576793,77.15736809507958
172181,136.7652024926201
572491,42.075805592843935
416218,68.13507194653633
730704,40.98404462711105
715345,45.521285141211834
127997,132.81439153890767
245510,131.55862582544182
662494,36.13153706035356
323712,97.22288385630637
406721,86.62049369264139
406752,66.04770466792527
257924,97.7362186360798
199823,107.49216492379031
636981,52.683627073330406
572640,14.815903430076197
188977,85.83780252132442
319471,104.40812571027672
864045,23.293366327767643
866332,66.4682542554363
210601,88.16165447133301
485125,60.680344210942685
311408,122.5573369897426
369845,47.32987655667267
220859,115.35119219579416
790870,40.465355664183875
719664,35.988618742032536
948868,91.85565754705465
657360,43.9197972472785
523212,83.20841316542325
309711,85.56226693519733
318597,104.30565501760424
398124,118.10205464011591
838489,39.65796482465416
388236,79.53504558082246
249087,88.37051169790087
249478,55.444656408147864
246143,111.95690006402405
369066,103.95186243746193
230851,75.2094661709757
918163,70.21294106093569
196188,100.63396005766683
867718,43.068296047135185
862329,55.1684789021209
183196,99.67024207630614
350371,117.86255192139733
137312,129.41403580486764
269275,48.08525220417641
716011,47.432694301607064
532461,40.06746352740898
551301,78.4294207168539
126628,68.89326392126615
327779,59.64335339173204
599695,47.051858104303335
535646,40.0439431567298
370314,104.32960980301395
384872,150.59060303910587
789765,39.69824968581933
991148,79.8419537391859
516614,55.66100292483737
413022,97.50112684290146
117055,110.75881172875037
103643,68.02140865827108
697829,60.33003128052356
461830,52.73391633438593
265464,79.13669516346057
975528,65.66742968920893
246401,59.5727365628714
445587,49.51310954705053
364473,137.03715972280696
422548,160.59392875451226
187286,156.64745824981424
527246,55.47598959661402
570034,53.515335248705284
158515,77.30115284248146
218117,140.20649070606981
484853,89.26147892767818
427076,123.03877338562678
885964,90.03949658584739
588473,41.495375655022784
123188,131.3908587363311
191334,117.43975740481551
217176,33.162525040194055
207707,128.98756279740246
739061,55.2702876352606
309493,79.70371935532525
193799,69.79778811670239
721516,38.35658123358773
863424,59.90184615043388
438337,106.13332155824105
306360,135.50347240510655
469710,92.14766866243136
360404,111.13363067705635
781943,31.86704028752767
953920,36.55954490339717
401539,68.24649975868445
292093,77.88184691234665
396473,121.55081527290324
375132,123.29872825269894
465786,75.20502309823392
635764,59.03076955886145
970929,49.11443733070012
362764,70.63989277609912
895094,26.201493365839067
706428,24.26620068987639
367792,99.01211675562509
663798,72.27026220085818
843177,41.040347175232405
380910,78.80592515606521
300459,76.58587244658551
102150,77.43575040863946
505649,46.93511954291226
280106,137.8967573556431
250011,150.19641458271178
977216,40.424165709145925
451954,101.26822121986064
533123,46.36120506250429
162577,95.41256745724783
927367,35.54625663885544
295277,125.48425910278597
641887,50.62358857244723
399597,111.21110696553399
135677,53.68098296175235
350184,69.60606937741001
736724,48.23654759177944
388994,116.51076526534554
253632,88.43190288039096
525708,3.839915877228819
903234,57.937798920093485
999858,66.93769612713241
828722,52.74971507771749
946003,-10.579004216092514
138329,74.14431322203156
761764,26.253441885354665
706241,48.092269098838536
333378,90.23097377008756
553972,73.2955364007358
342340,74.55789941556965
349302,60.22195783865884
106578,125.29675092956097
312706,104.42624714124885
265549,99.18873212008533
454536,88.1458605140696
970586,36.734423690376815
482182,107.26772968463031
598204,80.7854935591335
718267,27.67258274894049
404954,110.77985392902904
232083,110.66465839139273
197202,108.56498385865929
177258,56.79318214294555
265535,64.63681222273611
342362,137.20754251391196
696743,9.57439671464784
807066,66.05773479543743
436091,99.7836702509057
239360,153.13962664253512
159354,80.9464105379346
125466,53.295855308585416
978439,17.114231262966896
500015,77.4879292280596
209701,126.82513074022663
292473,143.76697973004627
325082,123.277864201884
107042,159.15613895985132
564131,56.16513188279071
110781,101.55368309933174
432548,145.68618564180844
942982,70.73059510099465
125965,88.9041611883225
440300,74.5157395340204
990903,39.33488806603683
700958,64.69052057408263
327070,77.9618387845133
133213,148.92775894069612
509613,51.94615049227881
148710,53.81082159938947
160409,132.16765671962588
381995,57.62184041041793
134062,122.87441481062099
236442,88.10053593914743
113305,65.78579807041442
284311,125.42714638354914
465891,76.424734678655
532145,34.90133788389386
466531,145.51761491509546
140583,130.6627213577399
377860,127.16917579595307
495589,114.2961559943851
372198,78.26298700409419
816884,27.09136408214471
194408,158.3153080560201
250954,126.66101134539502
132746,111.68970563052412
140428,96.14396271921922
433283,132.36742357305877
883560,99.22127625262198
243666,118.79548828555414
248187,110.71481415716403
430105,83.87402176237747
804139,28.98987118388016
664312,63.87662909867997
655563,90.12472857293955
159834,112.84698783754999
609649,32.119318872327725
921770,59.995149747241555
144352,130.54222308551041
254270,112.55952548241899
598350,33.961978385013104
517272,88.47665916079325
989603,46.838929097813036
948328,49.839936158814744
990331,81.15704498501559
315635,108.51761189897269
251824,75.19637304493895
731421,39.097401934742024
450606,90.17848365663696
346615,90.2991291871298
180255,77.1747369077799
462227,154.4373604297383
141305,104.75743635035538
186224,101.14222945382356
973074,27.779852516134884
610172,66.18067491960198
124828,82.92163018584075
631124,24.432269619715058
852212,53.80719242221276
617136,50.627454874203345
666148,42.198809803005204
652263,85.40025057639552
389699,117.08526069744079
387202,44.701630862083654
282241,90.88429803112363
359607,85.15938529221967
338058,79.21025186305798
474675,145.2756777694567
173131,115.18075062305243
912102,70.47575208755205
387865,145.7318847260762
477657,94.58086226190326
268616,147.7320029926442
348730,100.82809370763647
394340,83.02306828850057
205910,55.86841563452752
354560,63.9474577723776
350177,139.44700920370502
694488,58.49863513883953
645843,28.29292751218432
980184,36.639719218893916
374201,122.43187138732031
428268,125.23830521958163
502021,26.01144142502431
930974,52.9223582412973
753203,61.2000014632441
503617,61.90534584219381
776306,40.692298985301065
322430,80.46249032371571
115621,115.01112678202388
444181,128.09195027755507
106486,79.82340590681815
832478,32.25728910985643
147057,90.6541441382545
224709,108.4099085128722
572934,18.933750574732557
894117,30.975485153885693
373099,79.7894411968598
801836,23.13545830123755
138729,97.03954383896392
277395,103.08555980206019
565454,33.23137727811752
740594,26.917762239127804
141218,167.70060698773455
181417,129.13637735995002
214526,114.88314943550967
821724,16.576760827206904
960210,50.72440421244329
489542,126.46468362340184
740826,72.23431459089352
700460,52.55788598648588
487250,106.96830690931176
190632,97.08036290236082
948143,42.91448442766983
230366,55.24520731805187
801933,54.26382475087689
714756,48.686110093108326
415364,92.50960739022133
541295,66.43054771202759
288299,103.38523315274351
452566,103.99073276657309
102383,96.85591988362738
198549,76.15144040962545
461665,113.0444704083887
235169,83.80424319306354
279215,163.40011456563332
630057,41.39955604116339
427529,80.17564395458564
406164,125.87156129790105
193727,126.87769005170964
380952,124.15902295665613
315564,95.76555663950957
677216,39.231714990708426
308643,89.80208009165126
284322,100.70575765969195
101839,117.56748975808577
587119,44.55331967144034
361663,80.70353513710103
767757,39.466203652145396
847388,55.281367418005004
442945,119.36620538420672
419431,83.2278471344022
172443,100.95603869305722
659988,42.94828537958948
275545,118.16692509264843
713599,67.42920004117312
241742,86.38135262653309
211788,95.53425398995319
339868,74.69599424326276
622982,71.39610496219126
262894,147.6631608158197
106391,127.32205966917093
931471,31.16282683859107
335631,100.1512677235514
934618,30.753786174502554
471615,135.80745437390115
579788,27.87743079197844
401326,74.41390116139928
432276,66.14446460600229
424582,154.07590290647224
316979,153.75857125421857
269412,125.63945897411492
369136,77.095612526931
404958,57.90161949818582
222188,129.96878006897842
945673,35.809371532829566
929173,66.88070071702167
408748,73.20348658042039
172781,148.748648448767
395130,101.85211669116234
417437,134.8169511152857
568211,49.80418731127655
422842,145.08419997244337
106400,141.96684602673886
455883,86.62479942818938
577010,23.207914735805527
295165,110.70552217622053
995117,34.81559854627523
879775,22.900018004557744
352626,120.93125407385052
496254,180.68654086065092
784357,11.336222026621229
470665,11.066732825572686
185844,80.54463135770098
147823,107.76144715179383
672533,13.023363705821666
378983,89.2852517440357
477855,120.3593437813201
960983,31.551037936740485
481365,58.11760668958504
269122,136.29886372641514
136851,52.111871903878324
828545,63.414367528523314
130493,94.2038308261618
399418,166.7094018508743
418254,67.48302121746477
351632,90.42938876343584
466506,106.19616765299733
421887,95.19151077255852
672491,77.50182589814223
236517,140.08288389391373
460359,127.80857518816671
176729,76.488104325645
138448,113.71491430381545
471997,122.98161361046823
919423,67.84966687559586
277593,151.3807130948199
154290,92.11364052811606
576931,13.723443043197314
116163,71.45285605997343
102770,57.396835425766774
182402,75.07011874627469
688582,52.65025267882793
849822,34.252335499712586
229298,94.390114382899
517687,64.05659387555593
115877,106.26926553490947
375594,131.3585774653514
717615,49.2434715822605
344218,113.6045890149069
186423,80.72122748361224
446450,85.08901673345981
181608,69.5935001364482
799458,48.70300024599171
234940,101.05455626125914
333586,105.81962411188898
754032,70.20401995953321
255663,56.446313586027316
982813,70.88262579310805
345988,70.17874130170816
723117,31.320029991345464
449701,74.5258093277445
462064,106.25270753606866
268533,111.01770233250998
567635,49.91577766386362
685455,41.970746193260055
324973,116.0924192546559
666917,50.08241934351979
151951,37.68895691628168
420325,142.76505406284238
332448,54.23361963226257
137043,91.21983608240706
321528,40.081862710848014
985963,18.080925662374003
692646,88.09417671956047
211045,79.3186673963296
427091,94.32782934496169
553722,78.27630220574605
103850,89.228388943884
319054,131.26079435443137
231560,82.45867625616317
857505,56.463864966360084
305924,55.57784473702725
343997,82.06974072604797
388335,119.87186393075932
988340,40.57558558028039
397407,105.7943423472113
332042,74.41083870579487
161629,72.6883192174104
214141,90.52119276622373
226982,147.847264569207
429298,102.70236639520986
650812,51.66150402467194
659926,39.80603598920624
437407,86.0545495515259
997080,41.22975500845589
260013,136.52350331486826
134910,39.05724608284433
177233,159.93959597368493
193511,98.81396691065514
244227,121.30976387824323
418608,88.15842604549333
320178,60.47284849785737
811484,48.05683172805317
394687,75.59618641570813
135415,119.83996978094606
311190,97.80128435551177
552940,61.087217504095165
153130,37.446571777837185
141635,70.80944622194062
372034,78.7186525292434
395579,59.173219240103144
492622,74.26677044302878
147241,123.7334392300448
251950,72.78932524144005
983629,58.35018329654966
176908,162.87306837605814
477084,100.61525599373765
290716,50.92966946678486
410729,35.038115584667906
862210,55.04611438390195
175888,134.95898235327041
646832,60.933749932419104
319600,103.55960424777618
882691,51.219921582298745
827043,84.1959067364681
285662,146.87144861116343
978939,43.60321153968464
223004,101.79707262514626
371420,117.85852271684536
446349,112.68387954897605
492049,88.18895757661089
875378,55.577219026112054
900500,62.447299081224415
422680,74.0280671762832
834301,73.72499555888271
403762,48.770868756647445
200993,83.0607523852197
454501,117.56362059523227
303344,74.53219975511706
471840,151.66828464614724
478329,99.90537852794553
719405,58.66404772947417
246716,100.82463309420784
737306,67.8634235715457
164058,114.79928551590496
684340,47.44048538618871
457722,121.02235490435855
365349,90.73049662448165
803239,69.72169748519498
472375,212.7086912634191
870136,21.154486891229016
991554,72.64941567306596
101814,77.08795973944544
512596,41.7996693208799
651621,45.460282482675126
517464,65.88554189235424
421584,121.90452072913412
217669,110.03389290483229
243114,90.20047405447512
905851,65.44045740452567
958005,55.32109928109608
219498,84.9141628987727
919067,49.98011559698668
863455,29.50004888621486
315082,127.92840103929925
992179,87.43694710936643
498897,35.79492869064829
903215,45.48284163215651
128089,125.94774506345702
236872,103.12204152366971
192411,104.36932446159446
312981,103.34305385201142
892477,37.87790987664589
921739,41.78463632798357
168333,116.77700660000824
768304,6.610941877021787
251746,129.17171861450785
159514,109.15672353610688
170069,115.28041280116699
599709,60.992071799687
893743,51.99564711284676
428625,132.05260010220576
143637,135.7463472309578
547332,49.09067585328246
743573,59.944639772625315
271106,94.18504455415837
185802,97.68116110391595
157277,79.59233573985105
529667,82.99818075088476
557939,64.62447490730887
455487,21.269280864877587
589520,49.82990227831807
293579,119.70228221744853
115719,78.42203940826694
168738,101.37670920881999
357512,156.36127268262177
902804,35.46799098379279
123680,127.14295348278031
287818,165.95786268907784
820881,56.765295642101734
281952,107.2305039830092
717426,43.153874178700484
119945,48.93925601529743
443499,65.04305309496917
272185,136.44298864430976
455977,50.390535060121586
156628,92.75843366943846
632219,65.85592231364859
430753,94.26068099834809
349058,88.25691097654142
102588,83.88642603458005
480139,93.74134475009335
930346,64.50278641776937
846517,61.32681851874644
102093,119.14375822790338
475791,120.46503749558877
588214,76.86107019296918
279533,163.02835581475813
385884,111.1618877877148
934686,60.9449299126403
589026,24.626781986487426
990090,64.18422926895548
929116,40.15361188125104
518845,63.90004934079056
540541,46.63006914543773
333826,99.85546281284927
338781,118.88598279456549
371521,90.90353342090621
546230,63.97820779015559
232544,95.28126956208472
928297,70.11390033922542
938081,23.36698160183151
882101,70.15188494824291
127236,147.11408992365423
110493,45.90955420949282
288097,87.91592042047392
157332,53.713599230578815
323173,111.50173576355877
482739,132.82071526103522
662434,61.44420117846829
301383,96.01494782331478
317877,76.59897917346997
546140,28.91582040224384
269634,124.57756225145684
819586,56.84954252580815
632777,66.45180407534261
484513,82.22446532817389
457924,134.82127236469648
623740,47.49445254024081
899889,43.64379876085515
432973,77.25890097627841
845515,51.15878116936401
525571,57.19080452182894
223752,96.3146477329067
167413,70.4737290075365
176137,108.93037367638267
568488,66.06811937742023
315544,129.63216065526962
335524,38.07037637732292
424922,84.72439513188755
430220,51.06952827673631
105158,82.02294251209521
347358,144.97469866306312
811969,79.369605676468
661403,42.52204653337758
458736,106.87693733260967
244400,106.4796053231431
386705,35.06596647505991
310369,75.58698115240146
178593,112.59970250698666
473298,69.01836541443186
425653,124.33208985068538
845449,35.552601436746144
513613,24.80498269064706
205745,61.38589251507735
395154,71.04794513869855
304079,88.33716797264245
280637,134.67648025840884
783071,33.98286564621285
332849,107.43184694185149
346503,115.88028213658437
371612,109.38596541418084
383648,74.94485463835686
360613,70.38447696597048
795507,84.57319993400158
662136,39.632229734644575
753894,60.34641890447089
372042,85.57951170303757
417763,100.61772273174675
292615,116.0519167724428
852055,56.432917130724476
685197,47.83949174557922
771856,56.92762508919226
287804,101.99897651680429
457875,102.82973218176458
493817,85.61101970509597
233683,123.48043632055558
116489,152.08681972225537
279421,155.27210200939277
764663,43.438532539928495
464963,115.9633805940153
381637,72.01942328894597
293314,115.67086715339715
268570,137.55123296157038
452882,114.27196616908364
514073,65.77880856021952
822524,59.472410347891156
464910,91.47088553625426
430087,128.02484656208551
252319,95.55193524377049
120432,119.69417915571131
110139,115.66237446938923
201860,120.41417341684111
417377,75.06811936298618
324334,119.90613849968128
108107,83.94263010934088
454886,117.34793499892406
718199,63.56883918271444
614329,66.40352804844517
815447,51.58511353520137
712288,44.288311010339655
760974,58.46399356827987
931922,56.46182423557448
509217,42.55779901451607
137938,55.57199073344792
672903,33.83267603357851
187771,99.972935480406
855600,46.811861298392685
113660,87.0150162119105
942273,74.4004633603029
992236,28.34345395331742
164419,124.99289767863002
973900,17.76793989950933
201759,110.50976697114858
301426,93.07338277430404
954567,87.10211224300588
698233,51.934722133416194
690030,14.76972699830327
105409,68.33652927032605
446101,102.21648565403976
958092,8.591069063046021
346908,135.5421520715597
273137,70.32568784572584
469867,76.42504100303019
531427,65.97355963837688
277622,67.87741971022977
734584,38.49768166958877
198589,109.12681830298612
480207,162.0551266406714
382412,57.99942826147409
359475,89.30789112315205
233049,38.24512336916287
188202,121.75183562791864
148905,108.50758633464974
181093,121.92580167100294
122456,80.70807738226986
679079,58.63724134262475
741344,33.96690792995691
376037,44.44351226184139
236782,143.98071689840984
863092,44.859354043677435
364008,139.44686308361753
623357,7.128041256094015
276081,100.03585440442097
884139,36.476341414135995
224628,109.74292581722455
642521,39.39954230889461
506453,64.36796941312154
134650,124.66973854390453
116584,53.5374356032576
455596,113.11693655805873
218420,130.74619502361062
900559,29.068029538706362
429960,86.95471993528193
176207,96.79624165686391
774650,45.742459783306934
463669,138.53924017088286
919461,47.89419606771385
434596,88.54442929821724
613343,31.467465837079416
464904,85.54178330566546
575131,31.098702246646962
458240,145.851910899047
228055,95.14156673571344
619294,68.46562174184639
341650,79.05161315362201
782893,35.93038252620585
353038,167.872121228826
178448,126.77993903261407
995221,66.60240939111667
382578,101.81391354091028
724606,47.12929398926587
952383,51.94697400418626
419753,84.87296880565948
229270,55.16323688050836
810584,42.67109053852166
354054,110.30533178972168
307315,-0.12271268496330379
318793,115.80425667812524
108363,72.21860100304781
665825,54.963625110072385
209534,78.20903771918796
447198,81.11281662350949
871649,34.38875212143597
489104,138.16824269073828
676537,36.14322792242768
530897,87.01281532531186
330627,91.87979795169235
265165,145.80059434276052
306792,61.21513266207485
574699,67.74207746556382
892348,58.929793754871895
202848,88.61888200100617
298708,71.64035306546626
464361,82.20929316054979
167199,95.5176341574729
789980,80.41494359576049
594843,45.50965971780639
781533,70.60723532421062
736918,39.89735117242587
624266,21.816233655647753
313354,104.43609439010378
277960,110.50838388464862
136511,78.8314784882879
283466,90.63813088299288
168254,110.47741530348921
120572,147.50471769491367
560462,53.122190679829664
317577,103.40176267738175
993600,40.662688994914774
397742,66.62773991976704
493315,86.3216706373199
242676,137.76202747510456
218796,92.85835917884899
124036,97.98296711672423
146357,108.89973528045023
665666,56.893333626824365
505279,43.96931410751566
137062,103.85495955645959
188889,73.39568899933512
143876,104.44688148901841
347766,178.1025449395272
181519,91.60064800731912
245231,119.66229850744736
390632,87.8266147942829
703252,59.610225922666615
340044,117.07202184663606
184458,72.90039482125624
486768,55.15363441891701
851565,24.48675213667393
467511,67.98454277984933
969291,58.071280397172856
266955,94.20868389646186
967980,-1.7597087773928095
918133,85.84652410024279
712399,41.03911696536526
338752,80.48896403306026
845327,38.53382985273598
189803,106.02414440072083
312782,73.85859778335902
402810,94.04414418606451
485485,109.05760841817201
838597,47.89545662910351
459252,130.67552585205397
234810,105.36082536599031
505155,32.88443122323936
737566,36.80290512332314
192907,43.51934655125265
911926,58.4596666827923
110660,65.72736707290984
280873,61.10127313671728
134158,107.08755660354309
401149,102.46317544269134
368643,109.77181748603029
168183,98.43099389079808
107698,98.35721033779267
774380,21.340837726379867
442241,84.57413925084268
289203,70.24441064077647
578925,47.672457631360516
981862,11.81953994425372
266425,98.84247035293501
969175,50.21015120693267
405921,125.82175693558604
222278,144.3192632033951
274911,135.28397706008874
378624,125.9776729214623
144922,79.2442940294535
136842,154.45551794169648
197210,161.33946640680784
426654,121.5647836730084
365008,85.75003959298007
961577,40.903889089568466
471827,151.31968999789325
528313,43.388898735046425
533011,32.956948444680116
959290,36.65065870510742
992765,80.58548000838704
291254,155.233520766654
211473,132.41026616341898
319347,89.32147393379168
491088,166.9724878251996
424557,89.45102167520406
359163,95.05417405039739
266803,89.46393858687063
301106,67.36308889365252
381507,76.82765466843759
294321,132.09357898727043
733564,76.5510369722254
491414,131.3064283038296
179663,75.1009987464641
610428,37.81165347688997
253546,140.23550269925317
300006,91.36440829357373
118435,156.19065651762628
399799,92.53516853745504
638562,45.00850914523161
215635,44.5254228109906
268409,147.52586777031678
296827,115.44119737787169
330959,64.69717543560965
832306,59.17330585716373
726172,42.16326863458059
660999,24.19209646758857
571200,27.066756609869238
244420,112.20908075107818
707589,59.559662918633265
839590,52.79873809744585
162837,79.06352325816955
613830,83.16671597700676
112331,68.49347747406095
259940,67.70151108485399
485908,145.39923775660122
449212,120.7726894207702
553978,57.66681035873186
932818,65.81964901110413
538753,43.76648184504723
956755,44.92940019050826
970974,47.94982337130367
166021,18.69677886394591
334781,94.58132782251901
778394,71.6997022951219
234248,108.31492215011052
253623,88.0660200176691
171979,62.47779892397985
577322,60.36224218305172
932740,40.86909086414812
425389,143.56208444174854
147383,128.26604339137805
138928,81.37903912496292
117760,78.40584731344998
934294,1.877281949214833
331740,155.20650125555164
668534,10.391900850768963
241531,102.06340398151931
353682,137.02107243428574
101370,116.03490462139212
492519,102.0937485895116
491445,67.34409671901173
104062,126.44770496744786
657604,21.97948393427641
164376,138.53460987047254
907328,12.200401260399609
138294,153.4127080545404
162651,119.77517684119537
299045,48.806212114092105
520789,61.99258858768626
707233,6.432059672773171
589599,56.19441914446953
924376,42.41637947742615
344251,73.43180512321365
625117,53.65847160415107
248717,67.37948989283511
164364,127.98437926053505
242642,92.32490146065543
526060,40.308125994905375
802981,27.943436711107704
109287,103.7301333702985
614127,38.25646587521997
351061,67.37073408040462
185625,145.19015872274738
306537,17.48142176706463
551277,58.61346777936116
268762,79.27617914949938
484898,90.71075593830537
312804,125.30354831908377
979926,57.60000476783468
667607,22.091948791117765
488642,57.89252848246923
240528,95.21048451337292
962797,50.12957328026394
551000,88.49377311404453
493830,136.76126906212224
544247,37.75383965840532
516450,61.76334969649207
409377,79.78363988067807
269645,121.7803444280228
191060,70.80575709383619
317493,54.499568581214774
825732,60.11521419101526
169867,74.6306538034756
902679,42.37950470840201
673451,28.366019976759333
842848,48.80422784614652
380027,84.83131147150753
282518,119.39910149459367
456434,88.36117784267343
377398,160.3610578910882
579207,36.13724811938128
332046,86.52096789034744
565510,45.306545381114454
501664,73.30054850443867
723068,63.47424193322868
456148,90.16405391546428
717352,55.06200626641847
397836,118.2436708413234
118442,139.30508694973693
704081,32.01466395259366
933066,37.97000174897579
867330,52.02443636961085
425221,85.60326121778154
455567,70.86512862515158
347839,120.18933071749166
722235,67.76891437922657
739284,62.10843534594265
770269,26.683907660444937
251689,77.36488516136376
360787,67.09265896822143
575502,58.24483608084747
897355,49.398706235035
895191,22.85884566298035
714182,53.588221504066745
112179,100.82157711977982
169689,45.858835600082436
682078,53.3422024753941
271924,99.10527106466714
522403,59.988339486377015
223296,98.60062833312043
268361,99.6407174092001
313347,-12.310652570877224
410288,84.22217462862746
324217,119.05698341645636
340215,112.37591163617655
762606,80.45263821969769
316235,115.47400189037945
307162,85.19402626346259
435398,72.87039887303207
989838,11.862299397618386
751223,60.72316009299078
844245,32.33246979178346
703888,33.59036642409293
416744,68.32155921991162
357374,117.1975052287061
281052,120.59458095568093
115044,75.28267889445274
379338,133.49795476827245
865605,21.427388349087156
167394,75.98928132689919
428024,148.3537057349569
796438,61.31629064037506
557998,49.3832921637389
182022,64.467681318144
945487,44.0673406232296
815067,62.768662704505495
710563,61.32913533341936
492075,79.48194188235782
939193,51.10933869814605
813721,33.401458064206295
622135,23.887223136436408
777296,15.310843421594122
982835,33.560949490692025
806052,62.588676933843416
325098,60.520108033453994
483884,137.96449785828122
445488,123.65492351528604
346824,101.30855437804024
913522,24.966585902106587
964858,37.29098141672463
515049,32.42442483437691
232310,118.4717023600339
336942,61.428987074869276
453027,54.15995927951696
125509,123.32177608923773
540753,65.2395457876287
211674,66.43274230993123
268004,98.129609591206
229163,91.9342320015549
950965,88.8794700884236
150707,45.869163279700714
111518,72.89449344279046
159562,77.03865997735171
376971,115.09670423063035
463069,114.54600541614992
308828,114.41169416776856
203671,47.45327139273572
270693,93.10853803781409
720032,43.16528911451541
460975,84.24521340278795
405632,137.76932249384782
160372,166.9160152993437
523323,56.14375340592164
367152,115.03863506012262
410623,94.25511455913654
400650,84.91125408206112
248390,92.4673114586324
423236,139.26660801672276
390224,74.4049184892806
279791,96.68752616376918
527160,56.22314563571191
502863,63.4174819594693
351240,110.34945118631245
412933,129.50430600983188
665184,39.790074698288194
591767,79.9756677857014
157354,59.21602908950428
915640,39.52869522138035
205902,88.51452105522537
752736,79.77393822156519
165993,80.93048383382344
828751,96.28313328944557
835876,49.6961389040332
576056,44.43164527179002
878601,38.23685626323439
292982,79.96403140687558
274347,75.26589991521624
868126,78.0560201835515
144720,119.20498262418967
864980,52.06262132393316
338533,97.55792106785286
909921,56.73157580694276
253989,107.57141307198239
246950,122.68565653683879
776717,54.665019687754665
566262,82.97564609882869
670056,52.30960221450944
343858,113.82445227983615
850537,64.3237598731206
313242,140.65778587554047
195724,73.83957619287749
291896,123.51920009673188
963331,74.24635475744526
243879,95.18916881528011
372346,108.0555330352085
878903,81.3770497193781
555938,47.90893292990939
506560,38.55681351341417
285755,104.75619389169145
300927,123.13385693074554
131722,107.95234682146722
707001,56.26268226382981
154403,77.74020238578899
271810,70.7775007635483
609373,69.84012127571208
497199,111.47981979089653
271871,129.93551201112166
409852,120.86968628106654
995191,17.83387689918839
254754,125.86648990814288
408581,104.19069228965901
365495,84.98833918352254
185043,77.24616936796494
257649,63.880109431272885
298392,109.76003116258154
306996,128.7175882875382
495203,76.55408465682011
702058,29.45651889429214
682208,72.2094533266492
624388,53.60659676904336
289309,108.00610019621512
268863,87.3955268490206
790414,61.64051469943615
829808,64.85829925744957
807024,47.44452275801788
965989,45.30402482828353
246378,98.2231429443005
159099,154.6900106217546
892849,43.56152804198153
132211,55.514711234172864
424841,111.12522445293125
749557,76.43046602486574
120305,155.5434612771641
337825,96.80583929938285
958498,52.392758352011136
936027,58.62237145868312
443308,95.68780686195183
590723,15.845783225146036
216236,82.64965839433748
191554,147.19893296984816
318224,118.67576106014371
367376,73.28171230949457
812113,29.86306538458477
734901,39.22115998045332
390458,104.16273611334205
372629,97.55695019197816
650281,58.41002839463288
921381,71.92362811104242
105625,85.29509257699326
976453,51.07862737565002
178809,151.57897103063542
131097,103.08722492533556
138314,118.97980780964684
650190,29.405578236302098
732200,57.05801031301129
289951,91.47158045776598
348927,68.3670588274814
147129,40.357212833598545
726213,17.20252339441631
160450,155.54408370180874
144028,123.6000119414654
731749,52.31855180389521
560640,39.85991327457236
588661,63.38011946594085
636121,58.68271940804686
951989,66.81615315650151
862186,29.472595738411083
857452,46.084986072956696
508562,37.39483117460561
439238,43.62108491605181
733371,30.363974657508745
632920,25.369812566535845
777674,66.88459745117072
173578,107.17613913351327
813079,36.950858390104834
602244,71.07795983602077
595734,48.93745789593412
324383,81.0987419875947
129297,138.65700843296815
757907,47.3020349737438
446343,112.14654981171631
321803,155.06083449795872
490404,88.92164690123697
452988,30.966937208410442
398638,122.25379667584033
197522,128.9017659163817
786190,51.22487358262312
812720,28.03646863329226
398480,143.132622258575
577130,88.02922430556245
189185,85.17569520294578
162153,85.1664086416173
124513,91.0452510685849
130111,114.30598445584415
109674,122.632408175853
554658,22.957865615714496
783398,68.95288316261198
287985,118.87566167903735
672191,74.92209078308514
642834,71.79987253187522
220832,87.09933453043573
526765,92.25789617785699
988547,52.08303225941267
888645,39.01970621904688
318773,99.72360629712978
605628,52.857693662839715
428267,139.94293554752034
247376,91.90630229400497
209272,152.3338071606174
112145,72.16947853714038
430449,143.30321280990688
160022,121.86865214295626
707403,47.99141150215787
658626,52.91104188194897
460673,88.87180035817886
362378,62.38757721332688
368695,110.98469506381754
450491,98.05847152798901
693790,56.365111022986646
186497,57.79207690822205
190219,57.21626734731049
352734,123.65106184601444
461754,127.39585097554132
697343,52.39423141049626
170616,89.90958986092977
293885,127.90740771416677
509993,40.45914451282424
312017,100.93960530989979
613943,69.01184793621891
693868,29.715547602332002
343722,135.47869072539407
267894,74.01520575701404
720211,60.76095017344748
365996,98.39255873052099
400897,91.57205520194996
437991,119.71712430731395
606008,53.796559865462726
379941,155.96523111059935
389778,84.16873224700706
633871,70.18794093258637
204625,88.8944577199848
854532,54.03646090925919
374326,101.89120628672477
275567,139.3660158630954
677904,18.59594192087269
988796,56.33371837660437
299946,80.48286160516952
103496,77.0863797909752
400141,69.28824613758935
175355,109.7042346732892
120441,115.79253196046437
162861,56.30805030089293
397174,25.539067795261573
961944,50.96382498640935
902720,57.36463144915982
813703,54.940640375898006
143172,104.45090918845453
928033,41.89404394951737
655662,40.60663054535713
184711,119.2816682705938
462631,85.3030945792187
956606,43.53178029557698
919845,56.84435350051467
216240,112.12503378388351
634967,51.22388613990437
120677,104.42115135314219
152370,106.65564684130794
373194,89.591816542613
633291,69.85069967016275
731795,32.65634506324843
141499,111.07758943233625
706557,13.066332105861157
806428,18.784432703194707
315582,79.3600335996831
511316,45.608626465271556
248776,110.54029820732377
853741,27.767009001701794
266250,133.26940785291035
429117,107.41339964731323
454732,44.23215707610261
949993,68.40443825472529
112517,109.26465885716718
446759,132.16424012757568
436211,113.71291764615779
822126,73.61921544245034
283222,95.03351901635989
534460,65.57996354813088
409963,103.35697802645117
375541,55.49336961104683
116188,124.97612239420266
634314,12.255762100901777
192938,103.02970085812294
182540,129.63933450269957
976721,62.79495532307682
314584,54.44160231688135
994438,47.176789214635754
407957,71.12954122670342
220005,85.37098077446339
284144,135.88855519546368
661995,37.820799973090566
377931,116.38004801471624
399069,122.25853735943826
261661,111.3931271238027
330089,27.196699271001265
788561,42.254676344014214
999661,43.23230109640873
304294,140.88043272774837
298942,31.299701753030234
357985,80.00945784141477
284140,88.06343011475577
880491,76.25324409027297
101892,129.14471666473162
628614,56.43340991114458
853821,86.43614635012241
139223,71.7951030601968
543226,50.2061814158646
318185,98.5736597127322
670633,22.057096855640324
920349,62.25305982549409
542801,71.58638967962315
622511,49.25520422089742
807080,30.06725613952499
632683,66.33828060583876
871763,54.69554608383922
523234,65.05951687528318
670836,55.52435427111031
429478,74.35931451405068
145825,48.80254156196514
846840,59.42678606876321
220863,107.41915470872087
580324,38.97672880436541
323789,107.34189165089357
610904,47.78774035423843
716734,54.792227171501786
852103,44.05277051974531
134994,76.42331720094383
904640,44.67986416709919
478623,74.91585541649734
585263,36.735713990317166
898052,48.2493305293986
781093,38.21524071363555
582846,57.740551945378535
532698,42.16618857501747
475620,107.21783599976949
136262,140.65255025895928
396868,149.91474550212376
144559,146.73509726776948
487879,113.05495432875591
468795,134.6347915866521
480090,128.25625297258375
149970,95.59575055758972
249286,173.11605390592456
166480,121.40316932264807
200730,115.68664977281976
268170,81.93405349584134
101075,138.5838827248887
924843,66.66457267377622
476199,149.5119698525645
377702,159.57857677409325
113832,84.97321178078897
185067,114.18241200772394
548073,43.6223044013427
233587,102.3319919179203
521821,31.458487064183146
496506,84.99056589537233
874756,51.01612166396258
744945,44.715454367785426
684190,31.413073419530445
328718,116.93220722894102
263269,65.79942141128338
150205,80.97373428198864
454045,132.25269468631026
565028,38.16621444942364
761003,43.570917287044296
489478,117.27064611126869
702787,73.43184820414547
783304,14.323568769289025
738864,55.06085167221102
289899,126.43724079825907
568909,53.867650158362096
214869,104.14601842387711
364321,90.6004902749039
388574,75.10658449143567
379112,76.69756782585256
319889,92.6946905675088
952577,32.07495390296758
925041,61.233772363360465
870794,44.97788577143193
119164,80.67726572953072
395425,144.01975348274124
341041,87.23538359948677
242856,74.15045427600421
543100,61.338294417755336
589167,61.67687995492022
592261,25.559328387832124
580990,57.37950678242702
802045,47.33545102105802
639780,63.50503498177508
344132,113.0694669203872
396599,76.54616530890095
182057,64.31863594014551
618009,64.35335490929232
934157,67.2564567865386
130800,106.71385364765005
119583,90.99714089349497
432368,110.18400289309487
661386,45.92126175775827
630087,66.85182997272926
113304,104.24033942536883
336298,89.22308712273768
534659,37.09314343753797
110142,82.68887689101159
526892,14.901924028887748
285678,107.64413841291346
434810,73.93795625030526
429650,127.38937920688358
153438,83.97637095469527
669308,34.69330135346222
287380,124.47043950846728
418291,86.51200174562165
719484,53.00073435859808
850012,52.73811822317289
307045,147.5284347192371
581254,56.225492894792836
319039,154.66768454995105
331265,98.61921218452582
267838,77.29599537734137
113436,112.07075407183848
182089,100.52239240339503
758356,49.287021817855006
378911,104.73430876912033
176446,99.85249770840927
440473,37.63314874969543
364295,118.97991264152718
852078,21.72865967019828
623136,50.45799904646771
498476,86.36138822930492
416467,136.94675806398948
836956,10.715236112469185
251104,47.73303143528643
667274,52.1807030102776
981943,69.05820414939392
443300,142.63145369961865
755013,35.452662355148874
240849,101.94866087848244
179255,87.4680052297675
252830,113.56523465736731
501572,59.54550113859891
369199,74.578949334194
898608,98.30745967217325
163390,102.47104386916219
840016,63.43975349832013
599391,55.61045408738502
635352,62.16997852957988
102568,93.4941479100904
337719,70.43503479173243
659416,55.334596229177905
540236,68.6926834467027
205054,53.14561840375071
492282,126.53475066472242
810687,-4.6157002145035335
663164,31.24079191809624
682639,92.31100790141377
397335,128.28019824209602
571594,41.3599199317497
998438,52.911733089206166
191192,72.58644164114784
451253,88.65504237007463
370947,89.87331358523798
535504,27.978881304810393
343557,114.3707199195982
233224,77.89446772637979
573226,12.042053594839615
406569,116.77021595595389
361256,145.8140672384239
886977,78.543204193597
664406,66.16065267761753
375065,99.76595413759715
626360,14.331444993595099
242637,143.73330068634817
125375,70.9583556780289
228549,85.80390781082616
291219,63.26212739839929
102118,119.7146971124644
708641,39.4580350997095
277461,129.50706150338192
407082,87.76665608871112
194574,130.6797359387958
977084,40.904162349469416
253805,98.98270269871358
478978,120.15175970083305
451980,88.88927466954028
702901,44.11328547438236
284802,99.30481333517284
371141,106.79612187970939
313439,35.579837356770255
171263,23.600837432110566
982834,58.64808598979084
861469,77.66341185534262
164518,158.41268684261476
471609,113.55524933244772
984891,36.541525289771016
381924,115.20762855304922
621834,45.84215276730052
382817,135.9761317625302
271579,118.89117315432358
234287,87.99009330262753
267672,83.43128130402015
103212,113.56427344089461
926520,43.992648155335324
210044,105.82379953792756
821618,55.2871798723675
192605,84.74740655495384
467907,139.43998985825382
263835,58.029349784935654
137163,124.9614148025714
440191,70.69276572953919
288055,113.30003832462081
196439,113.58079952444098
580351,19.159200094338157
936903,49.14611601705651
912156,49.750485179707525
826516,69.53753957472273
696899,49.38708668180692
202215,132.77205353777188
737976,33.98766028915864
367533,101.95245115442798
453137,116.64924824295974
128247,76.8091257568874
230951,105.43354071177033
471524,40.78574784606911
292353,87.853596021017
279527,81.97459065029834
332778,80.2551966623644
348986,133.48668788111473
951040,41.47038581527141
767635,33.60417568154753
763088,37.59792690139636
399661,60.684587128074725
696638,59.91273045536423
896069,31.94397997903192
319082,80.74290547237412
161302,105.65447011266534
634866,61.12521061881566
594314,67.06603683184537
433333,119.98218399936243
660902,88.84390788846736
210159,113.08228772565457
691020,98.51385692132394
420567,70.2516657826385
371255,131.36863042332786
494681,126.59089142109494
273543,119.16576904002446
963546,81.04441304851196
858424,60.773033157879475
891760,39.35863515657283
703978,23.77232940495572
358096,119.46784710150168
661620,35.73164232357739
409630,118.41235605009737
629673,43.02741787543418
828132,88.50226789413803
574038,51.88275147486935
392735,97.3495401275752
100651,61.11431269616611
365741,76.48059923994218
218056,143.57815206437078
605475,29.94461189013357
312063,128.6381388544092
883079,58.141816092275896
934365,42.77966982080529
259739,106.83029487814211
422771,56.30344015741084
265004,61.28138075676598
853991,44.50393206824997
165786,149.8461514502744
422920,96.90460453286084
560868,40.962173680403836
